{
    "_comment": "The Fraud Explorer - Fraud Triangle Analytics dictionary & rules, v0.1.0-english-usa",
    "dictionary": {

        "BASELINE": {

            "pressure": {
                "economic problem" : "/\\b(economic (problems?|issues?))\\b/",
                "handle the situation with care" : "/\\b(handl(e|ing)( the)? situations? with( \\w*)? (care|stealth|prudence|delicacy))\\b/",
                "let yourself give something" : "/\\b(let yourself give something)\\b/",
                "tension in the company" : "/\\b((tension|crisis) in the company)\\b/",
                "not enough for lunch" : "/\\b(not enough for (launch|eat|food|cand(ies|y)))\\b/",
                "how much your silence worth" : "/\\b(how much( is)? (your|my) silence worth)\\b/",
                "you do not known anything" : "/\\b((you|he|she|they) (not|dont|do not|doesnt|does not|did not|didnt) (know|knew) anything)\\b/",
                "evadir la auditoria" : "/\\b((evita(r|ndo)|evadi(r|endo)|enganar) (las?|el|al) auditor(ias?|as?)?)\\b/",
                "estoy bajo presion" : "/\\b(estoy bajo( muchas?)? (presion(es)?|tension(es)?))\\b/",
                "vacaciones costosas" : "/\\b(vacaciones( son| son muy)? (costosas|caras))\\b/",
                "nos tienen chuzados" : "/\\b((nos|me|l[oa]s?) tienen (chuzad[oa]s?|vigilad[oa]s?))\\b/",
                "la auditoria esta encima" : "/\\b((el|l[oa]s?) auditor(ia|[ea]s?)?( me| nos| le)? estan?( respirando)? (encima|en el cuello))\\b/",
                "mi situacion es critica" : "/\\b((mi|la) situacion es(ta)? (critica|dificil|dura|imposible))\\b/",
                "cumplir dentro del plazo" : "/\\b((cumple|cumpli[ro]|cumplieron) dentro (del|los) plazos?)\\b/",
                "lo necesito como sea" : "/\\b(l[oa]s? necesito como sea)\\b/",
                "vigilan el tiempo" : "/\\b(vigilan (el|los) tiempos?)\\b/",
                "conflicto de intereses" : "/\\b(conflictos? de interes(es)?)\\b/",
                "anadir lena al fuego" : "/\\b((anadir(le)?|poner(le)?|agregar(le)?)( mas)? lena al fuego)\\b/",
                "estan espiando" : "/\\b(estan? (espiando|esculcando))\\b/",
                "problemas con la familia" : "/\\b(problemas? (con|de)( la| el| un| mi)? (familia|espos[oa]|novi[oa]|hij[oa]))\\b/",
                "partimos cobijas" : "/\\b(partimos cobijas)\\b/",
                "cortaron los servicios" : "/\\b(cortar(on)? los servicios)\\b/",
                "sin rastros" : "/\\b((sin( dejar)?|no dej[ea]n?) (rastros?|huellas?))\\b/",
                "descuadre de inventario" : "/\\b(descuadres? (de|en el|en los|en) inventarios?)\\b/",
                "existen unos faltantes" : "/\\b((hay|existen?)( un| unos| varios) faltantes?)\\b/",
                "de forma sospechosa" : "/\\b((de|en) formas? sospechosas?)\\b/",
                "es muy sospechoso" : "/\\b((muy|es|son|eran?|fue(ron)?|somos|soy|fui|eres) sospechos[oa]s?)\\b/",
                "en caso de sospecha" : "/\\b(en caso de sospechas?)\\b/",
                "sospechan de todos" : "/\\b(sospechan? de (mi|el|ella|ellos|todos|usted))\\b/",
                "creo que sospechan" : "/\\b(creo que( no| si)? sospech[ae]n?)\\b/",
                "situacion tensa" : "/\\b(situacion( esta| es| fue)? tensa)\\b/",
                "mucho estres" : "/\\b((mucho|que|muy|tanto|este) estres(ad[oa])?s?)\\b/",
                "que embarrada" : "/\\b((que|la)( puedes?| podes)? embarr[aoe](das?|ron|r))\\b/",
                "un riesgo alto" : "/\\b((un|de) (riesgo alto|alto riesgo))\\b/",
                "cobro juridico" : "/\\b(cobro juridico)\\b/",
                "no me ascendieron" : "/\\b(no (me|nos) ascendieron)\\b/",
                "miseria de salario" : "/\\b((miseria|miseros?)( de)? salarios?)\\b/",
                "deudas que no dan espera" : "/\\b((deudas?|culebras?)( que)? no dan? espera)\\b/",
                "alto nivel de endeudamiento" : "/\\b(altos? nivel(es)? de endeudamiento)\\b/",
                "negocio personal" : "/\\b(negocios? personal(es)?)\\b/",
                "es un manipulador" : "/\\b(es una? manipuladora?)\\b/",
                "me negaron el prestamo" : "/\\b((me|nos) negaron (el|los) prestamos?)\\b/",
                "el gota a gota" : "/\\b(gota gota)\\b/",
                "no lo detectaron" : "/\\b((no|tampoco) (l[oa]s?|fue) detect([oae]|aron|ad[oa]))\\b/",
                "tuve que empenarlo" : "/\\b(tuve que empenarl[oa]s?)\\b/",
                "inventese una excusa" : "/\\b(inventese (una|alguna) excusa)\\b/",
                "creo que sospechan" : "/\\b(creo que sospechan?)\\b/",               
                "me siento incomodo" : "/\\b(me siento incomod[oa])\\b/",
                "estan actuando muy raro" : "/\\b((estan? actuando|se estan? comportando) muy raro)\\b/",
                "que tan raro" : "/\\b(que tan raro)\\b/",
                "se ve como raro" : "/\\b(se ven? (como|muy) raros?)\\b/",
                "reforma del apartamento" : "/\\b(reforma (del|de la) (apartamento|casa|finca))\\b/",
                "modernizar la casa" : "/\\b(modernizar (la|el) (casa|apartamento|finca))\\b/",
                "pisar las argollas" : "/\\b(pisar las argollas)\\b/",
                "super fiesta" : "/\\b((super|gran) (fiesta|rumba))\\b/",
                "sin un peso" : "/\\b(sin un peso)\\b/",
                "pide mucha plata" : "/\\b(pide mucha plata)\\b/",
                "es muy exigente" : "/\\b((es|son) muy exigentes?)\\b/",
                "tren de gastos" : "/\\b(tren de gastos)\\b/",
                "me esta chantajeando" : "/\\b(me estan? (chantajeando|chantajiando))\\b/",
                "se entero por accidente" : "/\\b(se (entero|enteraron) por accidente)\\b/",
                "me odia" : "/\\b(me odian?)\\b/",
                "con puras mentiras" : "/\\b((con|son|es) puras? mentiras?)\\b/",
                "tremendo alegato" : "/\\b(tremendo alegato)\\b/",
                "que calentura" : "/\\b(que calentura)\\b/",
                "el ambiente esta caliente" : "/\\b(el ambiente esta caliente)\\b/",
                "me obligaron a renunciar" : "/\\b((me|me estan) (obligaron|obligando) a renunciar)\\b/",
                "me pidieron la renuncia" : "/\\b(me pidieron (la renuncia|que renunciara))\\b/"
            },
            
            "opportunity": {
                "todavia no cuente" : "/\\b((todavia|aun) no( les?)? cuente)\\b/",
                "sin que se den cuenta" : "/\\b((sin que se den? cuenta)|(que no se (vayan? dar|den?) cuenta))\\b/",
                "hagale callado" : "/\\b(hagale( pero)? callad[oa])\\b/",
                "desaparecer los papeles" : "/\\b((desaparecer|desaparezca(mos|n)?) (los|el) (papel(es)?|documentos?))\\b/",
                "mantenerlo en secreto" : "/\\b(mantener(lo)? en secreto)\\b/",
                "ganancia extraordinaria" : "/\\b(ganancias? extraordinarias?)\\b/",
                "coma callado" : "/\\b(coman?( pero)? callados?)\\b/",
                "meter ruido" : "/\\b((met(er|ele|anle)( mucho| mas| bastante)? ruido))\\b/",
                "que parezca un error" : "/\\b(que( se)? parezcan?( un)? error(es)?)\\b/",
                "cierre la boca" : "/\\b(cierren? la (boca|jeta))\\b/",
                "comision por servicio" : "/\\b(comision(es)? por( el| los| sus)? (servicios?|contratos?|favor(es)?))\\b/",
                "tragaron todo el cuento" : "/\\b((tragaron|trago)( todo)? el cuento)\\b/",
                "mover el billete" : "/\\b((mover|poner) el billete)\\b/",
                "trabajo especial" : "/\\b((trabaj(o|ito|ote)s?) especial(es)?)\\b/",
                "eso queda entre nosotros" : "/\\b(queda entre (nosotr[oa]s|vos yo|tu yo))\\b/",
                "cualquiera se equivoca" : "/\\b(cualquiera se( puede)? equivocar?)\\b/",
                "creyeron toda la historia" : "/\\b((creyeron|creyo|trag(o|aron))( toda)? las? historias?)\\b/",
                "evadir los controles" : "/\\b((evita(r|ndo)|evadi(r|endo)|salta(r|ndo)|brinca(r|ndo))( los| el)? control(es)?)\\b/",
                "maquille el informe" : "/\\b(maquill(e|ar|as) (el|l[oa]s?|un(os)?) (informes?|documentos?|papel(es)?))\\b/",
                "contribuir con la causa" : "/\\b((contribuir|apoyar|ayudar)( con)? la causa)\\b/",
                "bajo cuerda" : "/\\b(bajo cuerda)\\b/",
                "debajo de la mesa" : "/\\b((debajo|bajo)( de)?( la)? mesa)\\b/",
                "saliendo con el jefe" : "/\\b(sali(r|endo)? con (el|la) jefe)\\b/",
                "siempre llego de primero" : "/\\b((siempre )?llego de primer[oa])\\b/",
                "auditoria no madruga" : "/\\b(auditor(a|ia)? no madrugan?)\\b/",
                "propuesta indecente" : "/\\b(propuestas? indecentes?)\\b/",
                "la mas minima sospecha" : "/\\b((la mas )?minimas? sospechas?)\\b/",
                "lo que han robado" : "/\\b(lo que( se)? han? robado)\\b/",
                "se empantano la vuelta" : "/\\b(se( nos| me| le| te)? empantano la vuelta)\\b/",
                "dispuesto a jugarsela toda" : "/\\b(dispuest[oa]s? a jugar(selas?|noslas?|melas?) todas?)\\b/",
                "jugarse la ultima carta" : "/\\b(jugarsen? las? ultimas? cartas?)\\b/",
                "con el tiempo se arregla" : "/\\b((con el tiempo|mas tarde|luego|despues) se arreglan?)\\b/",
                "oportunidad de ascenso" : "/\\b(oportunidad(es)? de (ascenso|ascender))\\b/",
                "sin gente profesional" : "/\\b(sin gente profesional)\\b/",
                "mover las influencias" : "/\\b((mover|movio|movi|moviendo|movieron|mueve) las influencias)\\b/",
                "pago de influencias" : "/\\b(pago de( las)? influencias)\\b/",
                "al escondido" : "/\\b(al escondido)\\b/",
                "antes de que sospechen" : "/\\b(antes de que sospechen?)\\b/",
                "sin sospechas" : "/\\b(sin sospechas?)\\b/",
                "documentos provisionales" : "/\\b(documentos? provisional(es)?)\\b/",
                "movimientos inusuales" : "/\\b(movimientos? inusual(es)?)\\b/",
                "procedimiento tan raro" : "/\\b(procedimiento (\\w*) raros?)\\b/",
                "con nombre parecido" : "/\\b(con nombres? parecidos?)\\b/",
                "el proveedor es buena gente" : "/\\b(el proveedor es buena gente)\\b/",
                "por la plata baila el mono" : "/\\b(por la plata baila el mono)\\b/",
                "cuando este en vacaciones" : "/\\b(cuando esten? en vacaciones)\\b/",
                "cuando este ocupado" : "/\\b(cuando esten? ocupados?)\\b/",
                "que parezca un accidente" : "/\\b(que parezca un accidente)\\b/",
                "mientras ellos alegaban" : "/\\b(mientras (ellos|el) alegaban?)\\b/",
                "con la ayuda de sistemas" : "/\\b(con la ayuda de( alguien de)? sistemas)\\b/",
                "sin pasar por el banco" : "/\\b(sin pasar por el banco)\\b/",
                "el banco no detecto" : "/\\b(el banco no( lo)? detecto)\\b/",
                "esconder las cuentas" : "/\\b(esconder las? cuentas?)\\b/",
                "sin medir consecuencias" : "/\\b(sin medir( las?)? consecuencias?)\\b/",
                "cuando sepan renuncio" : "/\\b(cuando sepan renuncio)\\b/",
                "debo hacer teatro" : "/\\b(debo hacer( el)? teatro)\\b/",
                "entre nosotros nos entendemos" : "/\\b(entre nosotros nos entendemos)\\b/"
            },

            "rationalization": {
                "he trabajado muy duro" : "/\\b(he trabajado (muy|demasiado|supremamente) duro)\\b/",
                "esconder temporalmente" : "/\\b((esconder(los?|las?)?|ocultar(los?|las?)?|modificar(los?|las?)?) temporalmente)\\b/",
                "arreglar despues" : "/\\b((arreglar(los)?|corregir(los)?) (despues|luego|mas tarde|manana))\\b/",
                "trabajado sin beneficios" : "/\\b(trabajado sin beneficios?)\\b/",
                "ajusto para el mercado" : "/\\b((ajust[oa]|complet[oa])( para)? (el|la) (mercado|arriendo|pension|matricula|cuota))\\b/",
                "ellos tambien roban" : "/\\b((ell[oa]s?|el) tambien roban?)\\b/",
                "por una buena causa" : "/\\b(por una buena causa)\\b/",
                "merezco un sueldo mas alto" : "/\\b((merezco|necesito|quiero|deseo) (una?|el) (sueldo|compensacion|salario|pag[oa]|ingreso)( mas)? (alt[oa]|elevad[oa]|mayor))\\b/",
                "la venganza es dulce" : "/\\b(la venganza es dulce)\\b/",
                "esa plata cae bien" : "/\\b(es[ae] (plata|platica|dinero)( me| nos)? cae bien)\\b/",
                "merezco mucho mas" : "/\\b((merezco|merecemos) mucho mas)\\b/",             
                "salir de la ruina" : "/\\b(sali(r|mos|endo) de la (ruina|quiebra|pobreza|miseria))\\b/",
                "manada de corruptos" : "/\\b((manada|partida) de corruptos)\\b/",
                "compensar la perdida" : "/\\b((compens(ar|o|an?)|indemniza[nr]) (las?|el|los) (perdidas?|descuadres?|abusos?|salarios?))\\b/",
                "derecho a la indemnizacion" : "/\\b(derecho (las?|unas?) indemnizacion(es)?)\\b/",
                "poco eticos" : "/\\b((poco|nada) etic[oa]s?)\\b/",
                "hay que avisparse" : "/\\b((hay|tienen?) que (avispar(se)?|ser avispad[oa]s?))\\b/",
                "abuso de poder" : "/\\b(abuso de (poder|autoridad))\\b/",
                "nadie se va a dar cuenta" : "/\\b(nadie se va( dar)? (cuenta|enterar))\\b/",
                "nadie le importa" : "/\\b((nadie|quien(es)?) les? importa)\\b/",
                "informacion confidencial" : "/\\b(informacion(es)?( son| es| eran?| fue(ron)?)? confidencial(es)?)\\b/",
                "cortar por lo sano" : "/\\b(cort(ar|aron|[eo]|emos|amos) por lo sano)\\b/",
                "la jefe de mi lado" : "/\\b((el|la) jefe de (mi|su|nuestro) lado)\\b/",
                "lo necesito para lo mio" : "/\\b(lo (necesito|quiero) para lo mio)\\b/",
                "si ellos pueden yo tambien puedo" : "/\\b(si (ellos|el|ellas?|usted(es)?) pueden?( pues)? yo tambien puedo)\\b/",
                "arriesgarse por mucho" : "/\\b(arriesgarsen? por (mucho|nada))\\b/",
                "impacto insignificante" : "/\\b(impacto( es| fue| era)? insignificante)\\b/",
                "no es justo" : "/\\b(no es justo)\\b/",
                "porque son de confianza" : "/\\b((son|es) de confianza)\\b/",
                "situacion temporal" : "/\\b(situacion( es)? temporal)\\b/",
                "jefe temporal" : "/\\b(jefe( es)? temporal)\\b/",
                "incomodo pero se hace" : "/\\b(incomod[oa] pero (se|lo) (hace|hago))\\b/",
                "el soborno funciona" : "/\\b(el soborno( siempre)? funciona)\\b/",
                "no dejan progresar" : "/\\b(no dejan( que uno)? progres(e|ar))\\b/",
                "no me ascendieron" : "/\\b(no me ascendieron)\\b/",
                "no me subieron el salario" : "/\\b(no (me|nos) (subieron|subio) el salario)\\b/",
                "muy amigo del auditor" : "/\\b(muy amigo del auditor)\\b/",
                "hay que defenderlo" : "/\\b(hay que defenderl[oa]s?)\\b/",
                "abogado del pueblo" : "/\\b(abogad[oa] del pueblo)\\b/",
                "excusa perfecta" : "/\\b(excusas? perfectas?)\\b/",
                "por todo lo alto" : "/\\b(por todo lo alto)\\b/",
                "no se ve el progreso" : "/\\b(no se ve el progreso)\\b/",
                "fomentar el desorden" : "/\\b(fomentar el desorden)\\b/",
                "buen samaritano" : "/\\b(buena? samaritan[oa])\\b/",
                "me cae gordo" : "/\\b(me caen? (gord[oa]s?|mal))\\b/",
                "hasta el final" : "/\\b(hasta el final)\\b/",
                "me defiendo como sea" : "/\\b(me defiendo)\\b/"
            }
        },

        "PURCHASES": {

            "pressure": {
                "rebajar la comision" : "/\\b(rebaj(ar(on)?|ando|[aeo])( las?)? comision(es)?)\\b/",
                "aumentar la comision" : "/\\b((aument(ar|ando|a|o|aron)|mejor(ar|ando|ao|aron))( las?)? comision(es)?)\\b/",
                "gastos adicionales" : "/\\b(gastos? adicional(es)?)\\b/",
                "materiales adicionales" : "/\\b(material(es)? adicional(es)?)\\b/",
                "hay que pagarle todo" : "/\\b(hay que pagarles? (todo|completo))\\b/",
                "hay que pagarle rapido" : "/\\b(hay que pagarles? rapido)\\b/",
                "hay que seleccionar a ese proveedor" : "/\\b(hay que (seleccionar|esco[jg]er|ele[jg]ir) (ese|esa) (proveedor|empresa))\\b/",
                "tiene que ser ese proveedor" : "/\\b(tiene que ser (ese|esa) (proveedor|empresa))\\b/",
                "hay que hacerle fuerza a ese proveedor" : "/\\b(hay que hacerle fuerza (ese|esa) (proveedor|empresa))\\b/",
                "hay que mantener el proveedor" : "/\\b(hay que (mantener|conservar) (el|al) proveedor)\\b/",
                "adjudicaron a otro proveedor" : "/\\b(adjudic(aron|o) otro proveedor)\\b/",
                "esta en reclamaciones" : "/\\b(esta en reclamacion(es)?)\\b/",
                "el proveedor se dio cuenta" : "/\\b(el proveedor se (dio cuenta|entero))\\b/",
                "tratar con manita" : "/\\b(tratar(los?)? con manita)\\b/",
                "coger con pinzas" : "/\\b(coger(los?)? con pinzas?)\\b/",
                "fue la peor alternativa" : "/\\b(fue la peor (alternativa|opcion))\\b/",
                "mucho control con los proveedores" : "/\\b(mucho control con los proveedores)\\b/",
                "el proveedor no alcanza los indicadores" : "/\\b(el proveedor no alcanz[ao] (los|el) indicador(es)?)\\b/",
                "proveedores amigos" : "/\\b(proveedor(es)? amigos?)\\b/",
                "no piense en el manual de contratacion" : "/\\b(no piense en el manual de contratacion)\\b/"
            },

            "opportunity": {
                "contratacion indebida" : "/\\b(contrat(os?|acion(es)?) indebid[ao]s?)\\b/",
                "doble contrato" : "/\\b(dobles? contrat(os?|acion(es)?))\\b/",
                "acelerar la contratacion" : "/\\b((aceler([eoa]|ar|ando|aron)|agiliz([eoa]|ar(on)?|ando))( la| el| los)? contrat(os?|acion(es)?))\\b/",
                "retrasar el contrato" : "/\\b((retras(ar(an|on)?|[oae])|posterg([oa]|ue|ar))( la| el| los)? contrat(os?|acion(es)?))\\b/",
                "falta el contrato" : "/\\b(falt(ar(an|on)?)( la| el| los)? contrat(os?|acion(es)?))\\b/",
                "descartando a los proveedores" : "/\\b(descart(a|e|ando|ar)( los| el)? proveedor(es)?)\\b/",
                "modificar la cotizacion" : "/\\b((modific(a|ar|ando|aron)|cambi(a|e|ar|aron|ando)) las? cotizacion(es)?)\\b/",
                "con diferente razon social" : "/\\b(con diferente razon social)\\b/",
                "con una direccion diferente" : "/\\b(con (una|la) direccion diferente)\\b/",
                "pagarle por anticipado" : "/\\b(pagarles? por anticipado)\\b/",
                "no se nota en la orden de compra" : "/\\b(no se nota en las? orden(es)? de compra)\\b/",
                "cruce con proveedores pequenos" : "/\\b(cruce con( \\w*)? proveedor(es)? pequenos?)\\b/",
                "nunca revisan la orden de compra" : "/\\b(nunca revisan las? orden(es)? de compra)\\b/",
                "todos ganan" : "/\\b(todos ganan)\\b/",
                "aprobar proveedor sin documentos" : "/\\b(aprobar (los|el) proveedor(es)? sin (documentos?|papel(es)?))\\b/",
                "sin justificar el inventario" : "/\\b(sin justificar el inventario)\\b/"
            },

            "rationalization": {
                "contrato confidencial" : "/\\b((procesos?|contrat(os?|acion(es)?))( son| es| eran?| fue(ron)?)? confidencial(es)?)\\b/",
                "se merece el contrato" : "/\\b(se merecen? (el|los)? (contratos?|proyectos?))\\b/",
                "necesita el contrato" : "/\\b(necesitan? (el|los)? contratos?)\\b/",
                "regalo del proveedor" : "/\\b((regalo|regalito) del proveedor)\\b/",
                "el regalito que le dejaron" : "/\\b(el (regalito|regalo) que (les? dejaron|me dieron))\\b/",
                "amistad con el proveedor" : "/\\b(amistad con (el|los) proveedor(es)?)\\b/",
                "no hay mas proveedores" : "/\\b(no hay( mas)? proveedores)\\b/",
                "es el unico proveedor en el medio" : "/\\b((es el unico proveedor|es la unica empresa) en (el|la) (medio|sector|industria|pais|region))\\b/",
                "unico proveedor autorizado" : "/\\b(unic[oa] (proveedor|empresa) (autorizad[oa]|certificad[ao]))\\b/",
                "nadie mas esta certificado" : "/\\b(nadie mas esta certificado)\\b/",
                "es el mas barato" : "/\\b(es (el|la) mas (barat[oa]|economic[oa]))\\b/",
                "el que mas nos conviene" : "/\\b((el|la) que mas (nos|les?|me) (conviene|convendria))\\b/"
            }
        },

        "TECHNOLOGY": {

            "pressure": {
                "ordenaron chuzarlo" : "/\\b((ordenaron|ordeno|obligaron|presionaron)( para)? chuzarl[oa]s?)\\b/",
                "se podria fugar la informacion" : "/\\b(se podria fugar la informacion)\\b/",
                "software sospechoso" : "/\\b((software|programas?|aplicacion(es)?)( muy|bastante)? sospechos[oa]s?)\\b/",
                "me obligaron a instalarlo" : "/\\b((me|nos) oblig(aron|o) (instalarlo|desinstalarlo|configurarlo|descargarlo))\\b/",
                "violacion a la privacidad" : "/\\b(violacion( de la| la)? privacidad)\\b/",
                "entregar la contrasena" : "/\\b(entreg(ar|ue|ara) las? (contrasenas?|claves?))\\b/",
                "el equipo esta encriptado" : "/\\b(el (equipo|pc|celular|dispositivo) esta (encriptado|cifrado|protegido))\\b/",
                "entrar al correo de ella" : "/\\b((entrar|entre|entremos) (al|los) correos? de (ella|el|ellos))\\b/",
                "delito informatico" : "/\\b(delito informatico)\\b/",
                "que entregara los datos" : "/\\b((entregara?|devolvieran?) los datos)\\b/"
            },

            "opportunity": {
                "chuzar el equipo" : "/\\b(chuza(r|ndo) (el|al|la) (equipo|emplead[oa]|persona|objetivo|pc|celular))\\b/",
                "software espia" : "/\\b((software|programas?)( para)? espiar?)\\b/",
                "estoy espiando" : "/\\b((estoy|estamos|esta|estuvo|estara) espiando)\\b/",
                "instalar el bicho" : "/\\b(instalar el (bicho|bichito|bichote))\\b/",
                "hay que interceptarlo" : "/\\b((hay|tengo|tenemos|debemos)( que)? (interceptarl[oa]s?|chuzarl[oa]s?))\\b/",
                "escuchar por el microfono" : "/\\b((escuchar|escuchamos|escucha) por el microfono)\\b/",
                "sin contrasena" : "/\\b((sin|no tienen?) (contrasenas?|claves?))\\b/",
                "sin licencia" : "/\\b((sin|no tienen?|venc(io|e))( la)? licencias?)\\b/",
                "excepcion en la consola del antivirus" : "/\\b(excepcion(es)? en( la consola)? (del|el) antivirus)\\b/",
                "cambiarle la contrasena" : "/\\b((cambiar(le)?|resetear(le)?) la (contrasena|clave))\\b/",
                "entrar sin que se de cuenta" : "/\\b(entrar sin que se( vayan?)? (den?|dar) cuenta)\\b/",
                "capturar la contrasena" : "/\\b(capturar la (contrasena|clave))\\b/"
            },

            "rationalization": {
                "lo quise eliminar" : "/\\b(lo (quise|queria|tuve que) (eliminar|destruir))\\b/",
                "lo tuve que instalar" : "/\\b(l[oa] tuve que instalar)\\b/",
                "lo tuve que alterar" : "/\\b(l[oa] tuve que alterar)\\b/",
                "se tuvo que manipular" : "/\\b((se|lo) tuv[oe] que manipular)\\b/",
                "me pidieron los accesos" : "/\\b((me|nos) pidieron los accesos)\\b/",
                "me pidieron el administrador" : "/\\b((me|nos) pidieron el administrador)\\b/",
                "las claves las tienen ellos" : "/\\b(las (claves|contrasenas) las tienen ellos)\\b/",
                "hay que dejarlos entrar" : "/\\b((hay|tenemos|tengo) que dejarlos? entrar)\\b/",
                "hablar en clave" : "/\\b(habla(r|ndo) en clave)\\b/",
                "acceso secreto" : "/\\b((acceso|entrada|puerta) secret[oa])\\b/"
            }
        },
        
        "HUMAN": {

            "pressure": {
                "sin hoja de vida" : "/\\b(sin hojas? de vida)\\b/",
                "sin referencias laborales" : "/\\b((sin| faltan)( las?)? referencias? laboral(es)?)\\b/",
                "hoja de vida manchada" : "/\\b(hoja de vida manchada)\\b/",
                "hay que contratarlo como sea" : "/\\b(hay que contratarl[oa] como sea)\\b/",
                "sin pruebas psicotecnicas" : "/\\b(sin pruebas? p?sicotecnicas?)\\b/",
                "con malas referencias" : "/\\b(con (malas|pesimas) referencias)\\b/",
                "se contrata por orden de arriba" : "/\\b(se contrata por orden del? (arriba|presidencia|la jefe))\\b/",
                "la seleccion fue a dedo" : "/\\b(la seleccion fue a dedo)\\b/",
                "esa no es la descripcion del puesto" : "/\\b(esa no es la descripcion del (puesto|cargo))\\b/",
                "no es el perfil profesional" : "/\\b(no es el perfil profesional)\\b/"
            },

            "opportunity": {
                "falsificando los diplomas" : "/\\b(falsificando (los|el) diplomas?)\\b/",
                "experiencia ficticia" : "/\\b(experiencia ficticia)\\b/",
                "le inventamos experiencia" : "/\\b(le inventamos( la)? experiencia)\\b/",
                "esta persona me la recomendaron" : "/\\b(estas? personas? (me|nos) las? recomendaron)\\b/",
                "viene recomendado" : "/\\b(viene recomendad[oa])\\b/",
                "entro por rosca" : "/\\b(entro por( pura)? rosca)\\b/",
                "apalancamos el puesto" : "/\\b(apalan(co|ca|camos|que) el (puesto|cargo))\\b/",
                "le modifico la hoja de vida" : "/\\b(le modific(o|a|amos|aron) la hoja de vida)\\b/",
                "cambiamos el perfil profesional" : "/\\b(cambiamos el perfil profesional)\\b/",
                "cambiamos el salario" : "/\\b(cambiamos el salario)\\b/",
                "le bajamos la liquidacion" : "/\\b(le bajamos la liquidacion)\\b/"
            },

            "rationalization": {
                "entrevista confidencial" : "/\\b(entrevistas?( son| es| eran?| fue(ron)?)? confidencial(es)?)\\b/",
                "ayudarle a conseguir trabajo" : "/\\b(ayudarl[eao]s? conseguir( un| algun)? (trabajo|empleo))\\b/",
                "lleva mucho tiempo desempleado" : "/\\b(llevan? (mucho|largo) tiempo desemplead[oa]s?)\\b/",
                "me da mucho pesar de el" : "/\\b(me da mucho pesar de (el|ella|ellos|ellas))\\b/",
                "porque tiene muchas deudas" : "/\\b(porque tiene (muchas|demasiadas) deudas)\\b/",
                "le van a quitar la casa" : "/\\b(les? van quitar (la casa|el apartamento|el carro))\\b/",
                "necesita el trabajo" : "/\\b(necesitan? el (trabajo|empleo))\\b/",
                "necesita el ascenso" : "/\\b((necesita|quiere) el ascenso)\\b/",
                "es un despido injusto" : "/\\b((es|fue|era) un despido (injusto|sin justa causa))\\b/",
                "se merece las vacaciones" : "/\\b(se merecen? las vacaciones)\\b/",
                "necesita las horas extras" : "/\\b(necesitan? las horas extras?)\\b/"
            }
        },
        
        "FINANCE": {

            "pressure": {
                "desfalco en la caja" : "/\\b(desfalcos? en( la)? caja)\\b/",
                "auditoria financiera" : "/\\b(auditorias? financieras?)\\b/",
                "prestamo temporal" : "/\\b(prestamos? temporal(es)?)\\b/",
                "consigase una cedula" : "/\\b((consigase|consiganse) una cedula)\\b/",
                "operacion sospechosa" : "/\\b(operacion(es)? sospechosas?)\\b/",
                "paguele de primero" : "/\\b((paguele|paguenle) de primer[ao]s)\\b/",
                "mostrar numeros positivos" : "/\\b(mostrar numeros positivos)\\b/",
                "arreglar los libros" : "/\\b(arregl(a|ar|ando|aron|e|o) los libros)\\b/",
                "ajustar las cuentas" : "/\\b(ajustar( las)? cuentas)\\b/",
                "es vital que pague hoy" : "/\\b(es vital que( se)? pague hoy)\\b/",
                "compromiso con las cuentas" : "/\\b(compromiso con las? cuentas?)\\b/",
                "suprimir esa parte del informe" : "/\\b((suprim(io?|ir|a|iendo|ieron)|elimin(ar|[eao]|aron|ando)|modifi(que|ca(ndo|ron)?|co)) esa parte del informe)\\b/",
                "mejorar las cifras" : "/\\b(mejorar las? cifras?)\\b/",
                "reembolso sin autorizar" : "/\\b(reembolsos? sin( ser)? autoriza(r|dos?))\\b/",
                "tapo ese hueco" : "/\\b(tap[oe] es(e|os) huecos?)\\b/",
                "expedir sin autorizacion" : "/\\b(expedir sin( su| las?)? autorizacion(es)?)\\b/",
                "no aparecen las tarjetas de regalo" : "/\\b(no aparec(en|ieron) las tarjetas de regalos?)\\b/",
                "ajuste con devoluciones" : "/\\b(ajuste con devolucion(es)?)\\b/",
                "estados financieros alterados" : "/\\b(estados financieros (alterados|modificados|manipulados|maquillados))\\b/",
                "suba la utilidad" : "/\\b(sub[ea]n? las? utilidad(es)?)\\b/",
                "hablar del descuadre" : "/\\b(hablar (del|de)( los)? descuadres?)\\b/",
                "camufle los gastos" : "/\\b(camufle (los|el) gastos?)\\b/",
                "no saben sobre esa inversion" : "/\\b(no saben sobre (esas?|las?) inversion(es)?)\\b/",
                "paso derecho" : "/\\b((paso|pasaron) derech[oa])\\b/",
                "actual descuadre" : "/\\b(actual(es)? descuadres?)\\b/",
                "enredo de una plata" : "/\\b(enredo de (una|la) plat(a|ica))\\b/",
                "ellos no revisan eso" : "/\\b(ellos no revisan eso)\\b/",
                "revisan las mermas de gasolina" : "/\\b((revisan|revisando) las? (mermas|reduccion) de( la)? gasolina)\\b/",
                "no se como explicar el saldo" : "/\\b(no (se|sabemos|supo) como explicar(les?)? (el|los) saldos?)\\b/",
                "tiene que salir hoy" : "/\\b(tienen? que salir (hoy|ya))\\b/",
                "estan contando con esa plata" : "/\\b(estan? contando con (es[ae]s?|la|el|los) (platas?|billetes?|dinero))\\b/",
                "la consignacion no aparece" : "/\\b(las? consignacion(es)? no aparecen?)\\b/",
                "los soportes son diferentes" : "/\\b((los|el) soportes? (son|es) diferentes?)\\b/",
                "soportes dobles" : "/\\b(soportes? dobles?)\\b/",
                "pagar sin documentos" : "/\\b(pagar(les?)? sin (documentos|documentacion|papeles))\\b/"
            },

            "opportunity": {
                "juegue con la utilidad" : "/\\b((jueguen?|juguemos|juego|juegue) con las? utilidad(es)?)\\b/",
                "tapar el descuadre" : "/\\b(tap(an?|en?|ar) (el|los) decuadres?)\\b/",
                "jineteo de cuentas" : "/\\b(jinete(o|a|ar|ado|ando) (de|las?) cuentas?)\\b/",
                "cambielo por amortizaciones" : "/\\b((cambiel[oa]s?|revers[ea]n?) (por|las?) amortizacion(es)?)\\b/",
                "transaccion sin soporte" : "/\\b(transaccion(es)? sin soportes?)\\b/",
                "anular la factura" : "/\\b(anular la factura)\\b/",
                "doble contabilidad" : "/\\b(doble contabilidad)\\b/",
                "cheque sin autorizacion" : "/\\b(cheques? sin( las?)? autorizacion(es)?)\\b/",
                "pago sin autorizacion" : "/\\b(pagos? sin( las?)? autorizacion(es)?)\\b/",
                "doble pago" : "/\\b((doble pago|pagos? dobles?))\\b/",
                "copiar la firma" : "/\\b((copi(ar|a|e|ando|aron)|clon(ar|a|e|ando|aron)) las? firmas?)\\b/",
                "transferencia a la cuenta personal" : "/\\b(transferencias?( las?| su)? cuentas? personal(es)?)\\b/",
                "sin el token" : "/\\b(sin( el)? token)\\b/",
                "sin la segunda firma" : "/\\b(sin( la)? segunda firma)\\b/",
                "cuenta sin movimiento" : "/\\b(cuentas? sin movimientos?)\\b/",
                "modificar las cuentas" : "/\\b(modificar las? cuentas?)\\b/",
                "alterar los costos" : "/\\b((alterar|cambiar|modificar) (los|el) costos?)\\b/",
                "cambiar el destino del negocio" : "/\\b(cambiar el destino del negocio)\\b/",
                "escondo los gastos" : "/\\b((escond[oae]|esconder|escondieron|escondiendo) (los|el) gastos?)\\b/",
                "cuando se anticipe el abono" : "/\\b(cuando se (anticipen?|haga el anticipo) (el|los|del|de los) abonos?)\\b/",
                "faltante de documentos en los reembolsos" : "/\\b(faltante del?( los)? documentos? (en los|en el|del) reembolsos?)\\b/",
                "de alguna manera lo compro" : "/\\b(de (alguna|cualquier) manera (lo|se) compr[oa])\\b/",
                "el financiero ni cuenta se da" : "/\\b((el|la) financier[oa] (ni cuanta se da|no se da cuenta))\\b/",
                "dinero para facilitar" : "/\\b((dinero|plata|platica) para facilitar(le|nos))\\b/",
                "no cobre la multa" : "/\\b(no cobren? (la|esas?) multas?)\\b/",
                "clavele todo al extranjero" : "/\\b(clavelen? todo (al|los|es[ea]s?) extranjer[oe]s?)\\b/",
                "esta oculto en otra cuenta" : "/\\b(esta oculto en otras? cuentas?)\\b/",
                "rebates no pasan por contabilidad" : "/\\b(rebates? no pasan? por contabilidad)\\b/",
                "cuando lleguen los rebates negociamos" : "/\\b(cuando lleguen? (los|el) rebates? negociamos)\\b/",
                "no incluya devoluciones" : "/\\b(no incluyan?( la| las)? devolucion(es)?)\\b/",
                "ingresos por debajo" : "/\\b(ingresos? por debajo)\\b/",
                "en cuentas vacias" : "/\\b(en( una)? cuentas? vacias?)\\b/",
                "exagere los gastos" : "/\\b(exager(e|ar?|ando|aron) (los|el) gastos?)\\b/",
                "inflando los ingresos" : "/\\b(inflando( los| el) ingresos?)\\b/",
                "se puede camuflar" : "/\\b(se pueden? camuflar)\\b/",
                "difiero el descuadre" : "/\\b(difi(er[oae]|riendo|rieron) (el|los) descuadres?)\\b/",
                "contra la provision" : "/\\b(contra las? provision(es)?)\\b/",
                "reversar la provision" : "/\\b(revers(ar|aron|ando|[eoa]) las? provision(es)?)\\b/",
                "tapelo con descuentos" : "/\\b((tapen?lo|metan?lo) con( el| los)? descuentos?)\\b/",
                "descuentos pasan derecho" : "/\\b(descuentos? pasan? derecho)\\b/",
                "reclasifique en descuentos" : "/\\b(reclasifiquen? en descuentos?)\\b/",
                "esconder las celdas" : "/\\b(escond(an?|er?|iendo) las? celdas)\\b/",
                "con amortizaciones se tapa" : "/\\b((con amortizaciones se tapan?|se tapan? con amortizacion(es)?))\\b/",
                "llevelo a gastos prepagados" : "/\\b(lleven?l[oa]s? gastos? prepagados?)\\b/",
                "extender el vencimiento" : "/\\b(ext(ender|endamos|iendan?) (el|los) vencimientos?)\\b/",
                "no refleja la realidad" : "/\\b(no reflejan? la realidad)\\b/",
                "retrasar la conciliacion" : "/\\b(retras(ar|en?) las? conciliacion(es)?)\\b/",
                "modifique el extracto" : "/\\b(modifiquen? (el|los) extractos?)\\b/",
                "nunca revisan los extractos" : "/\\b(nunca revisan? (los|el) extractos?)\\b/",
                "aplazar el registro" : "/\\b(apla(zaron|cen?|zo|zar)( \\w*)? registros?)\\b/",
                "no enviar a contabilidad" : "/\\b(no (enviar|envien?)( \\w*)? contabilidad)\\b/",
                "tesoreria no sabe" : "/\\b(tesoreria no saben?)\\b/",
                "que no pase por pagos" : "/\\b(que no pasen? por pagos?)\\b/",
                "reporte privado" : "/\\b(reportes?( \\w*)? privados?)\\b/",
                "reporte solo para mi" : "/\\b(reportes? (es|son)? solo para mi)\\b/"
            },

            "rationalization": {
                "es solo un prestamo" : "/\\b((es solo|solo es) un prestamo)\\b/",
                "pago urgente" : "/\\b(pagos?( es)? urgentes?)\\b/",
                "necesitan el pago" : "/\\b(necesitan? (el|los) pagos?)\\b/",
                "recobros no necesitan documentos" : "/\\b(recobros? no necesitan?( los| el)? documentos?)\\b/",
                "reembolso la plata con la quincena" : "/\\b((reembolso|devuelvo) la plata con la quincena)\\b/",
                "la plata siempre estuvo ahi" : "/\\b(la plata siempre estuvo ahi)\\b/",
                "costos que he ahorrado" : "/\\b(costos que( les)? he(mos)? ahorrado)\\b/",
                "despues arregla el balance" : "/\\b(despues( se)? arregl[oa] el balance)\\b/",
                "con ese balance no se puede" : "/\\b(con (ese|este) balance no se puede)\\b/",
                "el financiero me pidio un favor" : "/\\b((el|la) financier[oa] me pidio (un|el) favor)\\b/",
                "el financiero se la lleva toda" : "/\\b((el|la) financier[oa] se la lleva toda)\\b/",
                "no sabe lo del balance" : "/\\b(no saben? lo del balance)\\b/",
                "cubrir el descuadre" : "/\\b(cubri(r|endo) el descuadre)\\b/",
                "nadie revisa las devoluciones" : "/\\b(nadie revisa( las?)? devolucion(es)?)\\b/",
                "inflando ingresos" : "/\\b(infla(ndo|r) ingresos)\\b/",
                "repartimos los auxilios" : "/\\b(repartimos (los|el) auxilios?)\\b/",
                "sin un peso para pagar" : "/\\b(sin un peso para pagar)\\b/",
                "donaciones van a mi cuenta" : "/\\b(donacion(es)? van? (mi|su) cuenta)\\b/",
                "cambie los gastos" : "/\\b(cambien? los gastos)\\b/",
                "no se dan cuenta del autoprestamo" : "/\\b(no se dan? cuenta del autoprestamo)\\b/",
                "despues se cuadra la conciliacion" : "/\\b(despues se (cuadra|arregla) la conciliacion)\\b/",
                "asi corrijo el descuadre" : "/\\b(asi (corrijo|arreglo) el descuadre)\\b/",
                "cada mes saco" : "/\\b(cada mes (saco|se saca))\\b/",
                "reconocer la perdida" : "/\\b(reconocer las? perdidas?)\\b/",
                "reconocer el descuadre" : "/\\b(reconocer (el|los|sus?) descuadres?)\\b/",
                "viejos reembolsos" : "/\\b(viejos? reembolsos?)\\b/",
                "descuentos no los revisan" : "/\\b(descuentos? no los? revisan)\\b/",
                "sin control de los consecutivos" : "/\\b(sin control del?( los)? consecutivos?)\\b/",
                "el carro tambien necesita gasolina" : "/\\b(el carro tambien necesita gasolina)\\b/",
                "no esta en el codigo de etica" : "/\\b(no estan? en el codigo de etica)\\b/",
                "estados de cuenta diferentes" : "/\\b(estados? de cuentas? diferentes?)\\b/"
            }
        },

        "LEGAL": {

            "pressure": {
                "por encima de la norma" : "/\\b(por encima de las? normas?)\\b/",
                "no conozco la ley" : "/\\b(no (conozco|conocemos|conocia|sabia)( de)? las? (ley(es)?|normas?))\\b/",
                "debo supervisar ese contrato" : "/\\b((debo|tengo que) (supervisar|vigilar|estar pendiente de) (ese|esos) contratos?)\\b/",
                "debo hacer el estudio legal" : "/\\b((debo|tengo que) hacer (el|los) estudios? legal(es)?)\\b/",
                "oficiar a las autoridades" : "/\\b(oficiar las? autoridad(es)?)\\b/",
                "el costo legal de ese fraude" : "/\\b(el costo legal del?( ese)? fraude)\\b/",
                "habra una disputa legal" : "/\\b(habran?( unas?)? disputas? legal(es)?)\\b/",
                "podemos tener problemas legales" : "/\\b(podemos tener( \\w*)? problemas? legal(es)?)\\b/",
                "nos van a demandar" : "/\\b(nos (\\w*) demandar)\\b/",
                "vamos a perder el proceso" : "/\\b((vamos|podemos|podriamos) perder (el|los|las?) (procesos?|demandas?))\\b/"
            },

            "opportunity": {
                "saltese la norma" : "/\\b((saltesen?|saltarsen?) las? (normas?|ley(es)?))\\b/",
                "no investiguemos ese caso" : "/\\b(no investigue(mos)? (ese|el|los) (casos?|procesos?))\\b/",
                "no supervisemos eso" : "/\\b(no supervise(mos)? (\\w*))\\b/",
                "no informemos de la vigencia de la norma" : "/\\b(no informe(mos)? de la vigencia de las? normas?)\\b/",
                "no hay un marco legal" : "/\\b(no (hay|existe|hubo) un marco legal)\\b/",
                "la ley nos ampara" : "/\\b(las? (ley(es)?|normas?) nos amparan?)\\b/",
                "sacamos ventaja de la ley" : "/\\b(sacamos ventaja de las? ley(es)?)\\b/",
                "aprovechemos el vacio legal" : "/\\b(aprovechemos el vacio (legal|en las? ley(es)?|en las? normas?))\\b/",
                "no avisemos de la ley" : "/\\b(no (avise(mos)?|les? diga(mos)?|diga(mos)?) de las? (ley(es)?|normas?))\\b/",
                "saltar la norma" : "/\\b(saltar(sen?)? las? (normas?|ley(es)?))\\b/"
            },

            "rationalization": {
                "las normas no importan" : "/\\b(las? (normas?|ley(es)?) no importan?)\\b/",
                "que pereza estudiarse esa ley" : "/\\b(que (pereza|aburrido|aburricion|caspa) (estudiar(se)?|leer(se)?) esas? (ley(es)?|normas?))\\b/",
                "no habia necesidad de supervisarlo" : "/\\b(no (habia|hubo|hay|tenia(mos|n)?) necesidad de supervisarl[oa]s?)\\b/",
                "no sabia que estaba vigente" : "/\\b(no sabia(mos|n)? que estaban? vigentes?)\\b/",
                "la trampa es la norma" : "/\\b(la trampa es la (norma|ley)|la (norma|ley) es la trampa)\\b/",
                "no habia responsabilidad legal" : "/\\b(no (habia|hay|existe|hubo) (\\w*) responsabilidad(es)? legal(es)?)\\b/",
                "la ley no dice nada" : "/\\b(las? (ley(es)?|normas?) no dicen? nada)\\b/",
                "no conociamos la norma" : "/\\b(no (conocia(mos)?|sabia(mos)?)( de)? las? (normas?|ley(es)?))\\b/",
                "nos conviene legalmente" : "/\\b(nos (convienen?|convino|favorecen?|favorecian?) (legalmente|juridicamente))\\b/",
                "justificaba saltarse la norma" : "/\\b((justificaba|justifico|necesitaba) saltar(sen?)? las? (normas?|ley(es)?))\\b/"
            }
        },

        "SALES": {

            "pressure": {
                "no entregamos lo que ofrecemos" : "/\\b(no (entregamos|se entrega|se da) lo que (ofrecemos|se ofrece|se promociona))\\b/",
                "rendimiento desproporcionado" : "/\\b(rendimientos? desproporcionados?)\\b/",
                "el producto no esta listo" : "/\\b((el|los) productos? no estan? listos?)\\b/",
                "pesima campana publicitaria" : "/\\b((pesimas?|malas|malisimas?) campanas? publicitarias?)\\b/",
                "mala imagen comercial" : "/\\b(mala imagen (corporativa|comercial))\\b/",
                "mal planificado" : "/\\b(mal planificad[ao]s?)\\b/",
                "presion por cumplir la meta" : "/\\b(presion(ado|ando|es)? por cumplir( las?)? metas?)\\b/",
                "necesito las comisiones" : "/\\b(necesit([oa]|amos)? (las?|esas?) comision(es)?)\\b/",
                "precios estan inflados" : "/\\b(precios? (\\w*) inflados?)\\b/",
                "objetivos inalcanzables" : "/\\b((objetivos? inalcanzables?)|(objetivos? no se pueden? alcanzar))\\b/",
                "marketing inadecuado" : "/\\b((marketing|publicidad) inadecuad[oa])\\b/",
                "necesito mas incentivos" : "/\\b(necesit(o|a|amos) (\\w*) incentivos?)\\b/",
                "presion por aumentar las ventas" : "/\\b(presion(es)? por aumentar (las?|los) (ventas?|clientes))\\b/",
                "competencia desleal" : "/\\b(competencia desleal)\\b/",
                "publicidad enganosa" : "/\\b(publicidad enganosa)\\b/",
                "interes oculto en esa venta" : "/\\b(interes(es)? ocultos? (en esas?|durante las?|con las?) ventas?)\\b/",
                "esa venta nunca ocurrio" : "/\\b(esa venta nunca (ocurrio|se hizo|paso))\\b/",
                "corrupcion en la venta" : "/\\b(corrupcion en las? ventas?)\\b/",
                "venta ilegal" : "/\\b(ventas? ilegal(es)?)\\b/",
                "servicio pesimo" : "/\\b((servicios? pesimos?)|(pesimos? servicios?))\\b/"
            },

            "opportunity": {
                "demasiados terminos tecnicos" : "/\\b(demasiad(os|a) termino(s|logia) tecnic(os|a))\\b/",
                "mucho tecnicismo" : "/\\b(mucho tecnicismo)\\b/",
                "podemos inflar los precios" : "/\\b((podemos|debemos) inflar (los|esos|el) (precios?|valor(es)?))\\b/",
                "acuerdo en secreto" : "/\\b(acuerdos? en secreto)\\b/",
                "no les cobre" : "/\\b(no les? cobren?)\\b/",
                "no llame a cobrar" : "/\\b(no llame cobrar(les?)?)\\b/",
                "espiar a la competencia" : "/\\b((espiar|vigilar) la competencia)\\b/",
                "hacerle una oferta especial" : "/\\b(hacer(le)? unas? ofertas? especial(es)?)\\b/",
                "ponerle un precio especial" : "/\\b((ponerle|ponele|decile) un precio especial)\\b/",
                "hacerle un descuento especial" : "/\\b((\\w*) un(os)? descuentos? especial(es)?)\\b/",
                "cliente fantasma" : "/\\b((clientes?|ventas?) fantasmas?)\\b/",
                "venta ficticia" : "/\\b(ventas? ficticias?)\\b/",
                "venta condicionada" : "/\\b(ventas? condicionadas?)\\b/",
                "venta cruzada" : "/\\b(ventas? cruzadas?)\\b/",
                "compro y luego vendo" : "/\\b(compro luego (los?|las?) vendo)\\b/",
                "no reporto la venta" : "/\\b(no report[oea]n? las? ventas?)\\b/",
                "no reporto la oportunidad" : "/\\b(no report[oea]n? las? oportunidad(es)?)\\b/",
                "aceptarle regalos al cliente" : "/\\b((aceptarle|aceptele)( el| los)? regalos? al cliente)\\b/",
                "me pague un adelanto" : "/\\b(me paguen? (un|el|como) adelanto)\\b/",
                "el cliente no debe saber" : "/\\b(clientes? no (deben?|pueden?) saber(lo)?)\\b/",
                "oculte el precio" : "/\\b((oculte|esconda) (el|los) (precios?|valor(es)?))\\b/"
            },

            "rationalization": {
                "necesitaba un convenio de pago" : "/\\b(necesitaban? (un|el|los) convenios? de pago)\\b/",
                "contacto secreto" : "/\\b(contactos? (secretos?|confidencial(es)?))\\b/",
                "malas desiciones comerciales" : "/\\b(malas? desicion(es)? comercial(es)?)\\b/",
                "canal inadecuado" : "/\\b(canal(es)?( \\w*)? inadecuados?)\\b/",
                "previsiones mal hechas" : "/\\b(prevision(es)? mal hechas?)\\b/",
                "no sabe nada de ventas" : "/\\b(no saben?( nada de)? ventas)\\b/",
                "no hay motivacion" : "/\\b(no (hay|tuve|tengo|tenemos) motivacion(es)?)\\b/",
                "estrategia mal disenada" : "/\\b(estrategias? mal disenadas?)\\b/",
                "no se investigo el mercado" : "/\\b(no( se)? investigo el mercado)\\b/",
                "mal distribuido" : "/\\b(mal distribuid[oa]s?)\\b/",
                "se fijaron mal los precios" : "/\\b(se fij(aron|o) mal (los|el) precios?)\\b/",
                "el producto no era bueno" : "/\\b((el|los) (productos?|servicios?) no (es|era|son) buenos?)\\b/",
                "descuidaron los clientes" : "/\\b(descuid(aron|o) (los|el) clientes?)\\b/",
                "necesitaba ese acuerdo" : "/\\b(necesitaba ese acuerdo)\\b/",
                "el cliente siempre tiene la razon" : "/\\b(el cliente siempre tiene la razon)\\b/",
                "invitar a almorzar al cliente" : "/\\b(invitar (almorzar|comer|desayunar)( al| a los| el)? clientes?)\\b/",
                "reintegro de gastos" : "/\\b(reintegro de gastos)\\b/",
                "el cliente me invito" : "/\\b(el cliente (me|nos) invito)\\b/",
                "asi lo quizo el cliente" : "/\\b(asi lo (quizo|pidio) el cliente)\\b/"
            }
        },

        "AUDIT": {

            "pressure": {
                "no lo reportemos" : "/\\b(no lo reporte(mos)?)\\b/",
                "sin evaluarlo primero" : "/\\b(sin (evaluarlo|revisarlo|analizarlo) primero)\\b/",
                "muchas debilidades" : "/\\b(muchas? debilidad(es)?)\\b/",
                "gran incumplimiento" : "/\\b(gran incumplimiento)\\b/",
                "se saltaron los controles" : "/\\b((se saltaron|evadieron|evadio) (los|el) control(es)?)\\b/",
                "mala auditoria" : "/\\b(malas? auditorias?)\\b/",
                "no me di cuenta" : "/\\b(no me di cuenta)\\b/",
                "me obligaron a escribir eso" : "/\\b(me obligaron (escribir(lo)?|redactar(lo)?))\\b/",
                "me puedo meter en problemas" : "/\\b(me puedo meter en( un)? (problemas?|lios?))\\b/",
                "no sabe con quien se mete" : "/\\b(no saben? con quien (se meten?|se estan? metiendo))\\b/"
            },

            "opportunity": {
                "no voy a hacer la recomendacion" : "/\\b(no voy hacer la recomedacion)\\b/",
                "saltese el control" : "/\\b(saltese el control)\\b/",
                "se como evadir el control" : "/\\b(se como (evadir|saltarme) (el|los) control(es)?)\\b/",
                "no voy a decir nada" : "/\\b(no voy decir nada)\\b/",
                "no lo voy a delatar" : "/\\b(no (los?|te) voy delatar)\\b/",
                "no lo voy a informar" : "/\\b(no lo voy (informar|revisar|auditar))\\b/",
                "no voy a investigarlo" : "/\\b(no voy (investigar(lo)?|investigar(lo)?))\\b/",
                "fugar el informe" : "/\\b(fugar (el|los) informes?)\\b/",
                "maquillar el informe" : "/\\b(maquillar (el|los) informes?)\\b/",
                "le conviene que hablemos" : "/\\b(le conviene que (hablemos|conversemos))\\b/",
                "negociemos eso" : "/\\b(negociemos eso)\\b/"
            },

            "rationalization": {
                "la prensa necesita saber" : "/\\b((la|los) (prensa|radio|periodistas) (necesitan?|tienen? que|deberian?) saber)\\b/",
                "el mundo tiene que conocer esto" : "/\\b(el mundo tiene que (conocer|saber) esto)\\b/",
                "tenemos que denunciarlo" : "/\\b((tenemos|tengo|tuve) que denunciar(l[oa])?)\\b/",
                "dificil de detectar" : "/\\b(dificil de (detectar|encontrar))\\b/",
                "no se detecto" : "/\\b(no se (detecto|encontro))\\b/",
                "no tenia autonomia" : "/\\b(no tenia (autonomia|independencia))\\b/",
                "no me entregaron la informacion" : "/\\b(no me entregaron la (informacion|documentacion))\\b/",
                "no quiero causar dano" : "/\\b(no quiero causar (danos?|problemas?))\\b/",
                "me convenia quedarme callado" : "/\\b(me convenia quedarme callad[oa])\\b/",
                "por el bien de la empresa" : "/\\b(por el bien de la (empresa|organizacion|compania))\\b/"
            }
        },

        "LOGISTIC": {

            "pressure": {
                "horario sospechoso" : "/\\b(horarios? sospechosos?)\\b/",
                "fuera del horario normal" : "/\\b(fuera del horario normal)\\b/",
                "una factura diferente" : "/\\b(una factura diferente)\\b/",
                "demorar la entrega" : "/\\b(demorar la entrega)\\b/",
                "negocie aparte con el cliente" : "/\\b(negocie aparte con el cliente)\\b/",
                "entregue sin preguntar nada" : "/\\b(entregue sin preguntar nada)\\b/",
                "entrega riesgosa" : "/\\b(entrega riesgosa)\\b/",
                "solo entre el cliente y usted" : "/\\b(solo entre el cliente usted)\\b/",
                "encuentre la forma de incrementarlo" : "/\\b(encuentre la forma de incrementarlo)\\b/",
                "operacion delicada" : "/\\b(operacion(es)? delicadas?)\\b/"
            },

            "opportunity": {
                "numero de telefono desconocido" : "/\\b(numero de telefono desconocido)\\b/",
                "pedido grande" : "/\\b(pedidos? grandes?)\\b/",
                "cualquier correo electronico" : "/\\b(cualquier correo electronico)\\b/",
                "cualquier region" : "/\\b(cualquier region)\\b/",
                "adelanto de gasolina" : "/\\b(adelanto de (gasolina|combustible))\\b/",
                "una tarifa alta" : "/\\b(unas? tarifas? altas?)\\b/",
                "factura independiente" : "/\\b(facturas? independientes?)\\b/",
                "factura sin detalles" : "/\\b(facturas? sin detalles?)\\b/",
                "orden ficticia" : "/\\b(orden(es)? ficticias?)\\b/",
                "pongale un nombre similar" : "/\\b(pongale un nombre similar)\\b/",
                "pago manual" : "/\\b(pagos? manual(es)?)\\b/",
                "descuento para mi empresa" : "/\\b(descuento para mi (empresa|negocio))\\b/",
                "decimos que lo estaban reparando" : "/\\b(decimos que lo estaban? reparando)\\b/",
                "hacemos negocios" : "/\\b(hacemos negocios?)\\b/"
            },

            "rationalization": {
                "se daran cuenta tarde" : "/\\b(se daran cuenta tarde)\\b/",
                "por la propina" : "/\\b(por la propina)\\b/",
                "ser fiel al cliente" : "/\\b(ser(le)? (fiel|leal) (al|los) clientes?)\\b/",
                "comision grande" : "/\\b(comision(es)? grandes?)\\b/",
                "ganamos a fin de ano" : "/\\b(ganamos fin de ano)\\b/",
                "el cliente siempre tiene la razon" : "/\\b(el cliente siempre tiene la razon)\\b/",
                "el cliente es muy amable" : "/\\b(el cliente es muy amable)\\b/",
                "ese faltante no importa" : "/\\b((ese|esos) faltantes? no importan?)\\b/",
                "eso es insignificante" : "/\\b(eso es insignificante)\\b/",
                "necesitaba ese negocio" : "/\\b(necesitaba( hacer)? ese negocio)\\b/"
            }
        },
        
        "CUSTOMER": {

            "pressure": {
                "no lo atiendas" : "/\\b(no lo atiendas?)\\b/",
                "no le resuelvas nada" : "/\\b(no le resuelvas? nada)\\b/",
                "presione el contacto" : "/\\b(presione el (contacto|cliente))\\b/",
                "presionelo por los datos" : "/\\b(presione(lo)? por (los|el) datos?)\\b/",
                "pongale condiciones" : "/\\b(pongalen?( \\w*)? condicion(es)?)\\b/",
                "estan escuchando la llamada" : "/\\b(estan? escuchando las? llamadas?)\\b/",
                "hablele mal" : "/\\b(hable(le)? mal)\\b/",
                "no tramite la queja" : "/\\b(no tramiten? las? quejas?)\\b/",
                "no canalices la queja" : "/\\b(no canalice(n|s)? las? quejas?)\\b/",
                "ocultemos la gestion" : "/\\b(oculte(mos)? la gestion)\\b/"
            },

            "opportunity": {
                "sin datos de contacto" : "/\\b(sin( los)? datos de contacto)\\b/",
                "sin medios de atencion" : "/\\b(sin( los)? medios de atencion)\\b/",
                "ausencia de medios" : "/\\b(ausencia de medios)\\b/",
                "sin direccion fisica" : "/\\b(sin direccion fisica)\\b/",
                "no le des informacion" : "/\\b(no le des?( \\w*)? informacion)\\b/",
                "no registres la oportunidad" : "/\\b(no registres? (las?|esas?) oportunidad(es)?)\\b/",
                "vender los datos" : "/\\b(vender (los|el) datos?)\\b/",
                "pez gordo" : "/\\b((pez|peces) gordos?)\\b/",
                "cojale los datos" : "/\\b(cojale (los|el) datos?)\\b/",
                "no lo deje ir" : "/\\b(no lo dejen? ir)\\b/",
                "no pongamos el telefono" : "/\\b(no pongan?(mos)? (el|los) telefonos?)\\b/",
                "recomienda otra empresa" : "/\\b()\\b/",
                "eliminemos la queja" : "/\\b(eliminemos (las?|el|los) (quejas?|denuncias?|reclamos?))\\b/"
            },

            "rationalization": {
                "fue muy grosero" : "/\\b(fue(ron)? muy groser[oa]s?)\\b/",
                "era insoportable" : "/\\b(eran? insoportables?)\\b/",
                "no me cayo bien" : "/\\b(no me cayo bien)\\b/",
                "no me parecio conveniente" : "/\\b(no me parecio conveniente)\\b/",
                "estos datos valen oro" : "/\\b((estos|este) datos? valen? oro)\\b/",
                "eso no es privado" : "/\\b(eso no es privado)\\b/",
                "me pagan por cada referido" : "/\\b(me pagan por cada referido)\\b/",
                "esos datos son mi retiro" : "/\\b(esos datos son mi retiro)\\b/",
                "nadie le interesa esa queja" : "/\\b(nadie le interesa es[aeo]s? (quejas?|reclamos?|denuncias?))\\b/",
                "nadie le interesa el contacto" : "/\\b(nadie le interesa el contacto)\\b/"
            }
        },

        "TAXES": {

            "pressure": {
                "sin retencion en la fuente" : "/\\b(sin retencion en la fuente)\\b/",
                "declaracion muy alta" : "/\\b(declaracion muy alta)\\b/",
                "tanta plata para impuestos" : "/\\b(tanta plata para( los| el)? impuestos?)\\b/",
                "pagar sin retencion" : "/\\b((pagar|pague) sin( \\w*)? retencion(es)?)\\b/",
                "pagar menos impuestos" : "/\\b(pagar menos impuestos?)\\b/",
                "reducir impuestos" : "/\\b((reducir|evitar)( \\w*)? impuestos?)\\b/",
                "la dian sospecha" : "/\\b(la dian (sospechan?|estan? sospechando))\\b/",
                "problemas con la dian" : "/\\b(problemas? con la dian)\\b/",
                "impuestos sin resolver" : "/\\b(impuestos? sin resolver)\\b/",
                "ocultar ingresos" : "/\\b(ocultar( \\w*)? ingresos?)\\b/",
                "minima carga fiscal" : "/\\b(minima carga fiscal)\\b/",
                "limite de la legalidad" : "/\\b(limite de la legalidad)\\b/",
                "impuestos con errores" : "/\\b(impuestos?( \\w*)? error(es)?)\\b/",
                "obligaciones tributarias menores" : "/\\b(obligaciones tributarias menores)\\b/",
                "reembolsos ilegales" : "/\\b(reembolsos? ilegal(es)?)\\b/"
            },

            "opportunity": {
                "sin retencion" : "/\\b(sin( \\w*)? retencion(es)?)\\b/",
                "no revisan los certificados" : "/\\b(no revisan los certificados)\\b/",
                "no concilian retenciones" : "/\\b(no concilian retenciones)\\b/",
                "menos impuestos" : "/\\b(menos impuestos?)\\b/",
                "ocultar ingresos" : "/\\b(ocultar( \\w*)? ingresos?)\\b/",
                "huecos legales" : "/\\b(huecos? legal(es)?)\\b/",
                "minima carga fiscal" : "/\\b(minima carga fiscal)\\b/",
                "ventajas tributarias" : "/\\b(ventajas? tributarias?)\\b/"
            },

            "rationalization": {
                "el gobierno tambien evade" : "/\\b((el gobierno|la dian) tambien evade)\\b/",
                "el gobierno se la lleva toda" : "/\\b((el gobierno|la dian) se la lleva toda)\\b/",
                "trabajar para el gobierno" : "/\\b(trabajar para (el gobierno|la dian))\\b/",
                "es una practica comun" : "/\\b(practica( \\w*)? comun)\\b/",
                "todos evaden" : "/\\b(todos evaden)\\b/",
                "aprovechar los recursos legales" : "/\\b(aprovechar los recursos legales)\\b/",
                "aprovechar los huecos de ley" : "/\\b(aprovechar los huecos de ley)\\b/",
                "eludir es legal" : "/\\b(eludir (es legal|no es ilegal))\\b/"
            }
        },

        "PROJECTS": {

            "pressure": {
                "el presupuesto no alcanzo" : "/\\b(el presupuesto no alcanz[oa])\\b/",
                "no aprobaron todo el anticipo" : "/\\b(no (aprobaron|se aprobo) todo el anticipo)\\b/",
                "retrazados con las actas" : "/\\b(retrazados? con (las|el) actas?)\\b/",
                "no acepto el negocio" : "/\\b(no (acepto|aceptaron) el negocio)\\b/",
                "no se metio en la vuelta" : "/\\b(no se (metio|metieron) en la vuelta)\\b/",
                "contratista muy duro" : "/\\b(contratista( \\w*)? muy duros?)\\b/",
                "plata para el funcionario" : "/\\b(plata para el funcionario)\\b/",
                "sin plata no hay permiso" : "/\\b(sin plata no hay permiso)\\b/",
                "tambien come" : "/\\b(tambien comen?)\\b/",
                "pagar sin acta" : "/\\b(pagar(les?)? sin( \\w*)? actas?)\\b/"
            },

            "opportunity": {
                "anticipo mayor" : "/\\b((anticipo mayor|mayor anticipo))\\b/",
                "anticipo para cuadrar" : "/\\b(anticipo para cuadrar)\\b/",
                "no hay trazabilidad de anticipos" : "/\\b(no hay trazabilidad del?( los)? anticipos?)\\b/",
                "arreglamos la ejecucion" : "/\\b(arregle(mos)? las? ejecucion(es)?)\\b/",
                "el papel puede con todo" : "/\\b(el papel puede con todo)\\b/",
                "las actas quedaron muy buenas" : "/\\b((las|el) actas? (quedaron|quedo)( muy)? buenas?)\\b/",
                "acepto el negocio" : "/\\b(acept(o|aron) el negocio)\\b/",
                "se metio en la vuelta" : "/\\b(se meti(o|eron) en la vuelta)\\b/"
            },

            "rationalization": {
                "me cuadro con el anticipo" : "/\\b(me cuadro con el anticipo)\\b/",
                "necesito cumplir fechas" : "/\\b(necesito cumplir (fechas|cronograma))\\b/",
                "necesitan el pago" : "/\\b(necesitan? (el|los) pagos?)\\b/",
                "que pesar del contratista" : "/\\b(que pesar del (contratista|proveedor))\\b/",
                "ayudarle al contratista" : "/\\b(ayudarle al (proveedor|contratista))\\b/",
                "entre todos nos ayudamos" : "/\\b(entre todos nos ayudamos)\\b/"
            }
        },

        "OPERATIONS": {

            "pressure": {

            },

            "opportunity": {

            },

            "rationalization": {

            }
        }
    }
}